Producto,Total_Ventas,Cantidad_Registros,PrecioUnitario_Promedio
Audífonos Bluetooth,20034.590000000004,10,870.3340000000001
Disco SSD 500GB,25900.5,13,763.7369230769231
Impresora,15999.81,11,727.9409090909091
Laptop,29893.030000000002,15,815.2233333333334
Memoria USB 32GB,21761.66,9,711.2955555555556
"Monitor 24""",34315.479999999996,13,805.1623076923078
Mouse inalámbrico,21395.559999999998,15,663.0533333333333
Teclado mecánico,28808.660000000003,14,633.1007142857142
